Time_of_day,MeanValue
Morning,78.31347948128793
Afternoon,81.17849627672352
Evening,84.1301995896288
Night,76.59506996677837
